Off,Epi_satics,CFD_score,CCTop_Score,Moreno_Score,CROPIT_Score,MIT_Score
AACTGAATATAAAAATCCTATGG,0,0,0.85,0.105721231,0.247619048,0.999000864
AGCGGCGTCGGCGGGGTCCTCGG,0,0.0535,0.9,0.139114361,0.176190476,0.999157044
AGAGGAGATTTTAGCTGCTTTGG,1,0.0937,0.905,0.109747353,0.147619048,0.996678771
GAAGAAGAGGGTGCTGTTCGCGG,0,0,0.885,0.17321379,0.19047619,0.979384701
GCTTGGCCACAAGGCATTGCGAG,1,0.0281,0.96,0.253765489,0.114285714,0.993211988
GCTGAGCACGAAGATCTGGTCGG,1,0,0.765,0.13347779,0.29047619,0.999019909
AGAGGAATTGAAGTTTTACAAGG,0,0,0.835,0.156445411,0.20952381,0.987899282
GGCTTAAGTAAAAAAATAAAAAG,1,0,0.915,0.170627179,0.176190476,0.994206929
CTTGGCTTCCATGGTGGAGGAGG,1,0,0.78,0.23805747,0.247619048,0.998432156
GGCGGCGGCGTCGTCGACGGCGG,1,0.0771,0.895,0.177495079,0.166666667,0.997521704
ATGGTGATGGCCGGTGGAGGCGG,1,0.405,0.965,0.21676709,0.085714286,0.993243048
GACTTGGTGAACAAGCCAATTGG,1,0,0.775,0.149724377,0.295238095,0.999637512
GCTTGAGCTTCTTGTCCACCAGG,1,0.0535,0.865,0.123199337,0.228571429,0.999823387
TAAGAGTCTGTGCTTTATTGTGG,0,0,0.81,0.125520278,0.257142857,0.996932978
